<?xml version="1.0" encoding="UTF-8"?><?xml-stylesheet type='text/xsl' href='_UpgradeReport_Files/UpgradeReport.xslt'?><UpgradeLog>
<Properties><Property Name="Solution" Value="VIS">
</Property><Property Name="Solution File" Value="C:\Documents and Settings\hongy\Desktop\Bethesda\VIS\VIS.sln">
</Property><Property Name="Date" Value="Tuesday, February 01, 2011">
</Property><Property Name="Time" Value="17:29 PM">
</Property></Properties><Event ErrorLevel="0" Project="VIS" Source="VIS.vcproj" Description="Converting project file 'C:\Documents and Settings\hongy\Desktop\Bethesda\VIS\VIS.vcproj'.">
</Event><Event ErrorLevel="1" Project="VIS" Source="VIS.vcproj" Description="This application has been updated to include settings related to the User Account Control (UAC) feature of Windows Vista. By default, when run on Windows Vista with UAC enabled, this application is marked to run with the same privileges as the process that launched it. This marking also disables the application from running with virtualization. You can change UAC related settings from the Property Pages of the project.">
</Event><Event ErrorLevel="1" Project="VIS" Source="VIS.vcproj" Description="VCWebServiceProxyGeneratorTool is no longer supported. The tool has been removed from your project settings.">
</Event><Event ErrorLevel="0" Project="VIS" Source="VIS.vcproj" Description="Web deployment to the local IIS server is no longer supported. The Web Deployment build tool has been removed from your project settings.">
</Event><Event ErrorLevel="1" Project="VIS" Source="VIS.vcproj" Description="MSB8012: $(TargetPath) ('C:\Documents and Settings\hongy\Desktop\Bethesda\VIS\.\Debug\VIS.exe') does not match the Linker's OutputFile property value '.\Debug/VIS.exe' ('C:\Documents and Settings\hongy\Desktop\Bethesda\VIS\Debug/VIS.exe') in project configuration 'Debug|Win32'. This may cause your project to build incorrectly. To correct this, please make sure that $(TargetPath) property value matches the value specified in %(Link.OutputFile).">
</Event><Event ErrorLevel="1" Project="VIS" Source="VIS.vcproj" Description="MSB8012: $(TargetName) ('VIS') does not match the Linker's OutputFile property value '.\Debug/Analysis.exe' ('Analysis') in project configuration 'Debug|x64'. This may cause your project to build incorrectly. To correct this, please make sure that $(TargetName) property value matches the value specified in %(Link.OutputFile).">
</Event><Event ErrorLevel="1" Project="VIS" Source="VIS.vcproj" Description="MSB8012: $(TargetPath) ('C:\Documents and Settings\hongy\Desktop\Bethesda\VIS\x64\Debug\VIS.exe') does not match the Linker's OutputFile property value '.\Debug/Analysis.exe' ('C:\Documents and Settings\hongy\Desktop\Bethesda\VIS\Debug/Analysis.exe') in project configuration 'Debug|x64'. This may cause your project to build incorrectly. To correct this, please make sure that $(TargetPath) property value matches the value specified in %(Link.OutputFile).">
</Event><Event ErrorLevel="1" Project="VIS" Source="VIS.vcproj" Description="MSB8012: $(TargetPath) ('C:\Documents and Settings\hongy\Desktop\Bethesda\VIS\.\Release\VIS.exe') does not match the Linker's OutputFile property value '.\Release/VIS.exe' ('C:\Documents and Settings\hongy\Desktop\Bethesda\VIS\Release/VIS.exe') in project configuration 'Release|Win32'. This may cause your project to build incorrectly. To correct this, please make sure that $(TargetPath) property value matches the value specified in %(Link.OutputFile).">
</Event><Event ErrorLevel="1" Project="VIS" Source="VIS.vcproj" Description="MSB8012: $(TargetName) ('VIS') does not match the Linker's OutputFile property value '.\Release/Analysis.exe' ('Analysis') in project configuration 'Release|x64'. This may cause your project to build incorrectly. To correct this, please make sure that $(TargetName) property value matches the value specified in %(Link.OutputFile).">
</Event><Event ErrorLevel="1" Project="VIS" Source="VIS.vcproj" Description="MSB8012: $(TargetPath) ('C:\Documents and Settings\hongy\Desktop\Bethesda\VIS\x64\Release\VIS.exe') does not match the Linker's OutputFile property value '.\Release/Analysis.exe' ('C:\Documents and Settings\hongy\Desktop\Bethesda\VIS\Release/Analysis.exe') in project configuration 'Release|x64'. This may cause your project to build incorrectly. To correct this, please make sure that $(TargetPath) property value matches the value specified in %(Link.OutputFile).">
</Event><Event ErrorLevel="0" Project="VIS" Source="VIS.vcproj" Description="Done converting to new project file 'C:\Documents and Settings\hongy\Desktop\Bethesda\VIS\VIS.vcxproj'.">
</Event><Event ErrorLevel="3" Project="VIS" Source="VIS.vcproj" Description="Converted">
</Event><Event ErrorLevel="0" Project="" Source="VIS.sln" Description="Solution converted successfully">
</Event><Event ErrorLevel="3" Project="" Source="VIS.sln" Description="Converted">
</Event></UpgradeLog>